durasi_manhour,id_work_center,id_proses,id_tipe_proses,id_kapasitas,id_kategori_produk
15,1,2,80,2,5
17,1,2,81,2,5
19,1,2,82,2,5
22,1,2,83,2,5
15,1,2,84,2,5
17,1,2,85,2,5
19,1,2,86,2,5
22,1,2,87,2,5
4,1,1,80,2,5
5,1,1,81,2,5
5,1,1,82,2,5
8,1,1,83,2,5
4,1,1,88,2,5
5,1,1,89,2,5
6,1,1,84,2,5
6.5,1,1,85,2,5
1,1,62,90,2,5
1.5,1,62,91,2,5
1,1,62,92,2,5
1,1,63,93,2,5
0.5,1,63,94,2,5
0.5,1,63,95,2,5
1,1,63,96,2,5
8,2,64,97,2,5
10,2,64,98,2,5
12,2,64,99,2,5
3,2,65,100,2,5
4,2,65,101,2,5
3,2,66,102,2,5
3,2,66,103,2,5
2,2,67,104,2,5
0.5,2,67,105,2,5
1,2,68,106,2,5
1,2,68,107,2,5
3,2,68,108,2,5
4,2,68,109,2,5
0.25,2,96,152,2,5
0.25,2,96,153,2,5
0.25,2,96,154,2,5
0.25,2,96,155,2,5
4,2,69,110,2,5
2,2,69,111,2,5
4,3,70,112,2,5
6,3,70,113,2,5
0.5,3,71,114,2,5
8,3,70,115,2,5
6,3,72,116,2,5
3,3,72,117,2,5
4,3,73,116,2,5
3,3,73,117,2,5
1,3,74,118,2,5
2,3,74,119,2,5
1.5,3,74,120,2,5
2.5,3,74,121,2,5
1,3,75,122,2,5
0.5,3,75,123,2,5
3,3,75,124,2,5
8,3,75,125,2,5
2,3,111,56,2,5
50,3,111,51,2,5
2,3,111,126,2,5
1,3,77,127,2,5
1,3,77,128,2,5
3.5,5,6,15,2,5
15,1,2,80,3,5
17,1,2,81,3,5
19,1,2,82,3,5
22,1,2,83,3,5
15,1,2,84,3,5
17,1,2,85,3,5
19,1,2,86,3,5
22,1,2,87,3,5
4,1,1,80,3,5
5,1,1,81,3,5
5,1,1,82,3,5
8,1,1,83,3,5
4,1,1,88,3,5
5,1,1,89,3,5
6,1,1,84,3,5
6.5,1,1,85,3,5
1,1,62,90,3,5
1.5,1,62,91,3,5
1,1,62,92,3,5
1,1,63,93,3,5
0.5,1,63,94,3,5
0.5,1,63,95,3,5
1,1,63,96,3,5
8,2,64,97,3,5
10,2,64,98,3,5
12,2,64,99,3,5
3,2,65,100,3,5
4,2,65,101,3,5
3,2,66,102,3,5
3,2,66,103,3,5
2,2,67,104,3,5
0.5,2,67,105,3,5
1,2,68,106,3,5
1,2,68,107,3,5
3,2,68,108,3,5
4,2,68,109,3,5
0.25,2,96,152,3,5
0.25,2,96,153,3,5
0.25,2,96,154,3,5
0.25,2,96,155,3,5
4,2,69,110,3,5
2,2,69,111,3,5
4,3,70,112,3,5
6,3,70,113,3,5
0.5,3,71,114,3,5
8,3,70,115,3,5
6,3,72,116,3,5
3,3,72,117,3,5
4,3,73,116,3,5
3,3,73,117,3,5
1,3,74,118,3,5
2,3,74,119,3,5
1.5,3,74,120,3,5
2.5,3,74,121,3,5
1,3,75,122,3,5
0.5,3,75,123,3,5
3,3,75,124,3,5
8,3,75,125,3,5
2,3,111,56,3,5
50,3,111,51,3,5
2,3,111,126,3,5
1,3,77,127,3,5
1,3,77,128,3,5
3.5,5,6,15,3,5
15,1,2,80,5,5
17,1,2,81,5,5
19,1,2,82,5,5
22,1,2,83,5,5
15,1,2,84,5,5
17,1,2,85,5,5
19,1,2,86,5,5
22,1,2,87,5,5
4,1,1,80,5,5
5,1,1,81,5,5
5,1,1,82,5,5
8,1,1,83,5,5
4,1,1,88,5,5
5,1,1,89,5,5
6,1,1,84,5,5
6.5,1,1,85,5,5
1,1,62,90,5,5
1.5,1,62,91,5,5
1,1,62,92,5,5
1,1,63,93,5,5
0.5,1,63,94,5,5
0.5,1,63,95,5,5
1,1,63,96,5,5
8,2,64,97,5,5
10,2,64,98,5,5
12,2,64,99,5,5
3,2,65,100,5,5
4,2,65,101,5,5
3,2,66,102,5,5
3,2,66,103,5,5
2,2,67,104,5,5
0.5,2,67,105,5,5
1,2,68,106,5,5
1,2,68,107,5,5
3,2,68,108,5,5
4,2,68,109,5,5
0.25,2,96,152,5,5
0.25,2,96,153,5,5
0.25,2,96,154,5,5
0.25,2,96,155,5,5
4,2,69,110,5,5
2,2,69,111,5,5
4,3,70,112,5,5
6,3,70,113,5,5
0.5,3,71,114,5,5
8,3,70,115,5,5
6,3,72,116,5,5
3,3,72,117,5,5
4,3,73,116,5,5
3,3,73,117,5,5
1,3,74,118,5,5
2,3,74,119,5,5
1.5,3,74,120,5,5
2.5,3,74,121,5,5
1,3,75,122,5,5
0.5,3,75,123,5,5
3,3,75,124,5,5
8,3,75,125,5,5
2,3,111,56,5,5
50,3,111,51,5,5
2,3,111,126,5,5
1,3,77,127,5,5
1,3,77,128,5,5
3.5,5,6,15,5,5
15,1,2,80,6,5
17,1,2,81,6,5
19,1,2,82,6,5
22,1,2,83,6,5
15,1,2,84,6,5
17,1,2,85,6,5
19,1,2,86,6,5
22,1,2,87,6,5
4,1,1,80,6,5
5,1,1,81,6,5
5,1,1,82,6,5
8,1,1,83,6,5
4,1,1,88,6,5
5,1,1,89,6,5
6,1,1,84,6,5
6.5,1,1,85,6,5
1,1,62,90,6,5
1.5,1,62,91,6,5
1,1,62,92,6,5
1,1,63,93,6,5
0.5,1,63,94,6,5
0.5,1,63,95,6,5
1,1,63,96,6,5
8,2,64,97,6,5
10,2,64,98,6,5
12,2,64,99,6,5
3,2,65,100,6,5
4,2,65,101,6,5
3,2,66,102,6,5
3,2,66,103,6,5
2,2,67,104,6,5
0.5,2,67,105,6,5
1,2,68,106,6,5
1,2,68,107,6,5
3,2,68,108,6,5
4,2,68,109,6,5
0.25,2,96,152,6,5
0.25,2,96,153,6,5
0.25,2,96,154,6,5
0.25,2,96,155,6,5
4,2,69,110,6,5
2,2,69,111,6,5
4,3,70,112,6,5
6,3,70,113,6,5
0.5,3,71,114,6,5
8,3,70,115,6,5
6,3,72,116,6,5
3,3,72,117,6,5
4,3,73,116,6,5
3,3,73,117,6,5
1,3,74,118,6,5
2,3,74,119,6,5
1.5,3,74,120,6,5
2.5,3,74,121,6,5
1,3,75,122,6,5
0.5,3,75,123,6,5
3,3,75,124,6,5
8,3,75,125,6,5
2,3,111,56,6,5
50,3,111,51,6,5
2,3,111,126,6,5
1,3,77,127,6,5
1,3,77,128,6,5
3.5,5,6,15,6,5
15,1,2,80,8,5
17,1,2,81,8,5
19,1,2,82,8,5
22,1,2,83,8,5
15,1,2,84,8,5
17,1,2,85,8,5
19,1,2,86,8,5
22,1,2,87,8,5
4,1,1,80,8,5
5,1,1,81,8,5
5,1,1,82,8,5
8,1,1,83,8,5
4,1,1,88,8,5
5,1,1,89,8,5
6,1,1,84,8,5
6.5,1,1,85,8,5
1,1,62,90,8,5
1.5,1,62,91,8,5
1,1,62,92,8,5
1,1,63,93,8,5
0.5,1,63,94,8,5
0.5,1,63,95,8,5
1,1,63,96,8,5
8,2,64,97,8,5
10,2,64,98,8,5
12,2,64,99,8,5
3,2,65,100,8,5
4,2,65,101,8,5
3,2,66,102,8,5
3,2,66,103,8,5
2,2,67,104,8,5
0.5,2,67,105,8,5
1,2,68,106,8,5
1,2,68,107,8,5
3,2,68,108,8,5
4,2,68,109,8,5
0.25,2,96,152,8,5
0.25,2,96,153,8,5
0.25,2,96,154,8,5
0.25,2,96,155,8,5
4,2,69,110,8,5
2,2,69,111,8,5
4,3,70,112,8,5
6,3,70,113,8,5
0.5,3,71,114,8,5
8,3,70,115,8,5
6,3,72,116,8,5
3,3,72,117,8,5
4,3,73,116,8,5
3,3,73,117,8,5
1,3,74,118,8,5
2,3,74,119,8,5
1.5,3,74,120,8,5
2.5,3,74,121,8,5
1,3,75,122,8,5
0.5,3,75,123,8,5
3,3,75,124,8,5
8,3,75,125,8,5
2,3,111,56,8,5
50,3,111,51,8,5
2,3,111,126,8,5
1,3,77,127,8,5
1,3,77,128,8,5
3.5,5,6,15,8,5
15,1,2,80,21,5
17,1,2,81,21,5
19,1,2,82,21,5
22,1,2,83,21,5
15,1,2,84,21,5
17,1,2,85,21,5
19,1,2,86,21,5
22,1,2,87,21,5
4,1,1,80,21,5
5,1,1,81,21,5
5,1,1,82,21,5
8,1,1,83,21,5
4,1,1,88,21,5
5,1,1,89,21,5
6,1,1,84,21,5
6.5,1,1,85,21,5
1,1,62,90,21,5
1.5,1,62,91,21,5
1,1,62,92,21,5
1,1,63,93,21,5
0.5,1,63,94,21,5
0.5,1,63,95,21,5
1,1,63,96,21,5
8,2,64,97,21,5
10,2,64,98,21,5
12,2,64,99,21,5
3,2,65,100,21,5
4,2,65,101,21,5
3,2,66,102,21,5
3,2,66,103,21,5
2,2,67,104,21,5
0.5,2,67,105,21,5
1,2,68,106,21,5
1,2,68,107,21,5
3,2,68,108,21,5
4,2,68,109,21,5
0.25,2,96,152,21,5
0.25,2,96,153,21,5
0.25,2,96,154,21,5
0.25,2,96,155,21,5
4,2,69,110,21,5
2,2,69,111,21,5
4,3,70,112,21,5
6,3,70,113,21,5
0.5,3,71,114,21,5
8,3,70,115,21,5
6,3,72,116,21,5
3,3,72,117,21,5
4,3,73,116,21,5
3,3,73,117,21,5
1,3,74,118,21,5
2,3,74,119,21,5
1.5,3,74,120,21,5
2.5,3,74,121,21,5
1,3,75,122,21,5
0.5,3,75,123,21,5
3,3,75,124,21,5
8,3,75,125,21,5
2,3,111,56,21,5
50,3,111,51,21,5
2,3,111,126,21,5
1,3,77,127,21,5
1,3,77,128,21,5
3.5,5,6,15,21,5
15,1,2,80,11,5
17,1,2,81,11,5
19,1,2,82,11,5
22,1,2,83,11,5
15,1,2,84,11,5
17,1,2,85,11,5
19,1,2,86,11,5
22,1,2,87,11,5
4,1,1,80,11,5
5,1,1,81,11,5
5,1,1,82,11,5
8,1,1,83,11,5
4,1,1,88,11,5
5,1,1,89,11,5
6,1,1,84,11,5
6.5,1,1,85,11,5
1,1,62,90,11,5
1.5,1,62,91,11,5
1,1,62,92,11,5
1,1,63,93,11,5
0.5,1,63,94,11,5
0.5,1,63,95,11,5
1,1,63,96,11,5
8,2,64,97,11,5
10,2,64,98,11,5
12,2,64,99,11,5
3,2,65,100,11,5
4,2,65,101,11,5
3,2,66,102,11,5
3,2,66,103,11,5
2,2,67,104,11,5
0.5,2,67,105,11,5
1,2,68,106,11,5
1,2,68,107,11,5
3,2,68,108,11,5
4,2,68,109,11,5
0.25,2,96,152,11,5
0.25,2,96,153,11,5
0.25,2,96,154,11,5
0.25,2,96,155,11,5
4,2,69,110,11,5
2,2,69,111,11,5
4,3,70,112,11,5
6,3,70,113,11,5
0.5,3,71,114,11,5
8,3,70,115,11,5
6,3,72,116,11,5
3,3,72,117,11,5
4,3,73,116,11,5
3,3,73,117,11,5
1,3,74,118,11,5
2,3,74,119,11,5
1.5,3,74,120,11,5
2.5,3,74,121,11,5
1,3,75,122,11,5
0.5,3,75,123,11,5
3,3,75,124,11,5
8,3,75,125,11,5
2,3,111,56,11,5
50,3,111,51,11,5
2,3,111,126,11,5
1,3,77,127,11,5
1,3,77,128,11,5
3.5,5,6,15,11,5
15,1,2,80,12,5
17,1,2,81,12,5
19,1,2,82,12,5
22,1,2,83,12,5
15,1,2,84,12,5
17,1,2,85,12,5
19,1,2,86,12,5
22,1,2,87,12,5
4,1,1,80,12,5
5,1,1,81,12,5
5,1,1,82,12,5
8,1,1,83,12,5
4,1,1,88,12,5
5,1,1,89,12,5
7,1,1,84,12,5
7.5,1,1,85,12,5
1,1,62,90,12,5
1.5,1,62,91,12,5
1,1,62,92,12,5
1,1,63,93,12,5
0.5,1,63,94,12,5
0.5,1,63,95,12,5
1,1,63,96,12,5
8,2,64,97,12,5
10,2,64,98,12,5
12,2,64,99,12,5
3,2,65,100,12,5
4,2,65,101,12,5
3,2,66,102,12,5
3,2,66,103,12,5
2,2,67,104,12,5
0.5,2,67,105,12,5
1,2,68,106,12,5
1,2,68,107,12,5
3,2,68,108,12,5
4,2,68,109,12,5
0.25,2,96,152,12,5
0.25,2,96,153,12,5
0.25,2,96,154,12,5
0.25,2,96,155,12,5
4,2,69,110,12,5
2,2,69,111,12,5
4,3,70,112,12,5
6,3,70,113,12,5
0.5,3,71,114,12,5
8,3,70,115,12,5
6,3,72,116,12,5
3,3,72,117,12,5
4,3,73,116,12,5
3,3,73,117,12,5
1,3,74,118,12,5
2,3,74,119,12,5
1.5,3,74,120,12,5
2.5,3,74,121,12,5
1,3,75,122,12,5
0.5,3,75,123,12,5
3,3,75,124,12,5
8,3,75,125,12,5
2,3,111,56,12,5
50,3,111,51,12,5
2,3,111,126,12,5
1,3,77,127,12,5
1,3,77,128,12,5
3.5,5,6,15,12,5
21,1,2,80,13,5
17,1,2,81,13,5
20,1,2,82,13,5
23,1,2,83,13,5
21,1,2,84,13,5
17,1,2,85,13,5
20,1,2,86,13,5
23,1,2,87,13,5
4,1,1,80,13,5
5,1,1,81,13,5
5,1,1,82,13,5
8,1,1,83,13,5
4,1,1,88,13,5
5,1,1,89,13,5
7,1,1,84,13,5
7.5,1,1,85,13,5
1,1,62,90,13,5
1.5,1,62,91,13,5
1,1,62,92,13,5
1,1,63,93,13,5
0.5,1,63,94,13,5
0.5,1,63,95,13,5
1,1,63,96,13,5
8,2,64,97,13,5
10,2,64,98,13,5
12,2,64,99,13,5
3,2,65,100,13,5
4,2,65,101,13,5
3,2,66,102,13,5
3,2,66,103,13,5
2,2,67,104,13,5
0.5,2,67,105,13,5
1,2,68,106,13,5
1,2,68,107,13,5
3,2,68,108,13,5
4,2,68,109,13,5
0.25,2,96,152,13,5
0.25,2,96,153,13,5
0.25,2,96,154,13,5
0.25,2,96,155,13,5
4,2,69,110,13,5
2,2,69,111,13,5
4,3,70,112,13,5
6,3,70,113,13,5
0.5,3,71,114,13,5
8,3,70,115,13,5
6,3,72,116,13,5
3,3,72,117,13,5
4,3,73,116,13,5
3,3,73,117,13,5
1,3,74,118,13,5
2,3,74,119,13,5
1.5,3,74,120,13,5
2.5,3,74,121,13,5
1,3,75,122,13,5
0.5,3,75,123,13,5
4,3,75,124,13,5
8,3,75,125,13,5
2,3,111,56,13,5
50,3,111,51,13,5
2,3,111,126,13,5
1,3,77,127,13,5
1,3,77,128,13,5
3.5,5,6,15,13,5
21,1,2,80,15,5
17,1,2,81,15,5
20,1,2,82,15,5
23,1,2,83,15,5
21,1,2,84,15,5
17,1,2,85,15,5
20,1,2,86,15,5
23,1,2,87,15,5
4,1,1,80,15,5
5,1,1,81,15,5
5,1,1,82,15,5
8,1,1,83,15,5
4,1,1,88,15,5
5,1,1,89,15,5
7,1,1,84,15,5
7.5,1,1,85,15,5
1,1,62,90,15,5
1.5,1,62,91,15,5
1,1,62,92,15,5
1,1,63,93,15,5
0.5,1,63,94,15,5
0.5,1,63,95,15,5
1,1,63,96,15,5
8,2,64,97,15,5
10,2,64,98,15,5
12,2,64,99,15,5
3,2,65,100,15,5
4,2,65,101,15,5
3,2,66,102,15,5
3,2,66,103,15,5
2,2,67,104,15,5
0.5,2,67,105,15,5
1,2,68,106,15,5
1,2,68,107,15,5
3,2,68,108,15,5
4,2,68,109,15,5
0.25,2,96,152,15,5
0.25,2,96,153,15,5
0.25,2,96,154,15,5
0.25,2,96,155,15,5
4,2,69,110,15,5
2,2,69,111,15,5
4,3,70,112,15,5
6,3,70,113,15,5
0.5,3,71,114,15,5
8,3,70,115,15,5
6,3,72,116,15,5
3,3,72,117,15,5
4,3,73,116,15,5
3,3,73,117,15,5
1,3,74,118,15,5
2,3,74,119,15,5
1.5,3,74,120,15,5
2.5,3,74,121,15,5
1,3,75,122,15,5
0.5,3,75,123,15,5
4,3,75,124,15,5
8,3,75,125,15,5
2,3,111,56,15,5
50,3,111,51,15,5
2,3,111,126,15,5
1,3,77,127,15,5
1,3,77,128,15,5
3.5,5,6,15,15,5
21,1,2,80,17,5
17,1,2,81,17,5
20,1,2,82,17,5
23,1,2,83,17,5
21,1,2,84,17,5
17,1,2,85,17,5
20,1,2,86,17,5
23,1,2,87,17,5
4,1,1,80,17,5
5,1,1,81,17,5
5,1,1,82,17,5
8,1,1,83,17,5
4,1,1,88,17,5
5,1,1,89,17,5
7,1,1,84,17,5
7.5,1,1,85,17,5
1,1,62,90,17,5
1.5,1,62,91,17,5
1,1,62,92,17,5
1,1,63,93,17,5
0.5,1,63,94,17,5
0.5,1,63,95,17,5
1,1,63,96,17,5
8,2,64,97,17,5
10,2,64,98,17,5
12,2,64,99,17,5
3,2,65,100,17,5
4,2,65,101,17,5
3,2,66,102,17,5
3,2,66,103,17,5
2,2,67,104,17,5
0.5,2,67,105,17,5
1,2,68,106,17,5
1,2,68,107,17,5
3,2,68,108,17,5
4,2,68,109,17,5
0.25,2,96,152,17,5
0.25,2,96,153,17,5
0.25,2,96,154,17,5
0.25,2,96,155,17,5
4,2,69,110,17,5
2,2,69,111,17,5
4,3,70,112,17,5
6,3,70,113,17,5
0.5,3,71,114,17,5
8,3,70,115,17,5
6,3,72,116,17,5
3,3,72,117,17,5
4,3,73,116,17,5
3,3,73,117,17,5
1,3,74,118,17,5
2,3,74,119,17,5
1.5,3,74,120,17,5
2.5,3,74,121,17,5
1,3,75,122,17,5
0.5,3,75,123,17,5
4,3,75,124,17,5
8,3,75,125,17,5
2,3,111,56,17,5
50,3,111,51,17,5
2,3,111,126,17,5
1,3,77,127,17,5
1,3,77,128,17,5
3.5,5,6,15,17,5
22,1,2,80,20,5
23,1,2,81,20,5
25,1,2,82,20,5
28,1,2,83,20,5
22,1,2,84,20,5
23,1,2,85,20,5
25,1,2,86,20,5
28,1,2,87,20,5
10,1,1,80,20,5
11,1,1,81,20,5
13,1,1,82,20,5
15,1,1,83,20,5
5,1,1,88,20,5
6,1,1,89,20,5
7,1,1,84,20,5
7.5,1,1,85,20,5
1,1,62,90,20,5
1.5,1,62,91,20,5
1,1,62,92,20,5
1,1,63,93,20,5
0.5,1,63,94,20,5
0.5,1,63,95,20,5
1,1,63,96,20,5
8,2,64,97,20,5
10,2,64,98,20,5
12,2,64,99,20,5
3,2,65,100,20,5
4,2,65,101,20,5
3,2,66,102,20,5
3,2,66,103,20,5
2,2,67,104,20,5
0.5,2,67,105,20,5
1,2,68,106,20,5
1,2,68,107,20,5
3,2,68,108,20,5
4,2,68,109,20,5
0.25,2,96,152,20,5
0.25,2,96,153,20,5
0.25,2,96,154,20,5
0.25,2,96,155,20,5
4,2,69,110,20,5
2,2,69,111,20,5
7,3,70,112,20,5
9,3,70,113,20,5
0.5,3,71,114,20,5
8,3,70,115,20,5
6,3,72,116,20,5
3,3,72,117,20,5
4,3,73,116,20,5
3,3,73,117,20,5
1,3,74,118,20,5
2,3,74,119,20,5
1.5,3,74,120,20,5
2.5,3,74,121,20,5
1,3,75,122,20,5
0.5,3,75,123,20,5
4,3,75,124,20,5
8,3,75,125,20,5
2,3,111,56,20,5
50,3,111,51,20,5
2,3,111,126,20,5
1,3,77,127,20,5
1,3,77,128,20,5
3.5,5,6,15,20,5
22,1,2,80,21,5
23,1,2,81,21,5
25,1,2,82,21,5
28,1,2,83,21,5
22,1,2,84,21,5
23,1,2,85,21,5
25,1,2,86,21,5
28,1,2,87,21,5
10,1,1,80,21,5
11,1,1,81,21,5
13,1,1,82,21,5
15,1,1,83,21,5
5,1,1,88,21,5
6,1,1,89,21,5
7,1,1,84,21,5
7.5,1,1,85,21,5
2,1,62,90,21,5
1.5,1,62,91,21,5
1,1,62,92,21,5
1,1,63,93,21,5
0.5,1,63,94,21,5
0.5,1,63,95,21,5
1,1,63,96,21,5
8,2,64,97,21,5
10,2,64,98,21,5
12,2,64,99,21,5
3,2,65,100,21,5
4,2,65,101,21,5
3,2,66,102,21,5
3,2,66,103,21,5
2,2,67,104,21,5
0.5,2,67,105,21,5
1,2,68,106,21,5
1,2,68,107,21,5
3,2,68,108,21,5
4,2,68,109,21,5
0.25,2,96,152,21,5
0.25,2,96,153,21,5
0.25,2,96,154,21,5
0.25,2,96,155,21,5
4,2,69,110,21,5
2,2,69,111,21,5
7,3,70,112,21,5
9,3,70,113,21,5
0.5,3,71,114,21,5
8,3,70,115,21,5
6,3,72,116,21,5
3,3,72,117,21,5
5,3,73,116,21,5
4,3,73,117,21,5
1.5,3,74,118,21,5
3,3,74,119,21,5
1.75,3,74,120,21,5
2.5,3,74,121,21,5
1,3,75,122,21,5
0.75,3,75,123,21,5
4,3,75,124,21,5
8,3,75,125,21,5
2,3,111,56,21,5
50,3,111,51,21,5
2,3,111,126,21,5
1.25,3,77,127,21,5
1.25,3,77,128,21,5
3.5,5,6,15,21,5
22,1,2,80,22,5
23,1,2,81,22,5
25,1,2,82,22,5
28,1,2,83,22,5
22,1,2,84,22,5
23,1,2,85,22,5
25,1,2,86,22,5
28,1,2,87,22,5
10,1,1,80,22,5
11,1,1,81,22,5
13,1,1,82,22,5
15,1,1,83,22,5
5,1,1,88,22,5
6,1,1,89,22,5
8,1,1,84,22,5
8.5,1,1,85,22,5
2,1,62,90,22,5
1.5,1,62,91,22,5
1,1,62,92,22,5
1,1,63,93,22,5
0.5,1,63,94,22,5
0.5,1,63,95,22,5
1,1,63,96,22,5
8,2,64,97,22,5
10,2,64,98,22,5
12,2,64,99,22,5
3,2,65,100,22,5
4,2,65,101,22,5
3,2,66,102,22,5
3,2,66,103,22,5
2,2,67,104,22,5
0.5,2,67,105,22,5
1,2,68,106,22,5
1,2,68,107,22,5
3,2,68,108,22,5
4,2,68,109,22,5
0.25,2,96,152,22,5
0.25,2,96,153,22,5
0.25,2,96,154,22,5
0.25,2,96,155,22,5
4,2,69,110,22,5
2,2,69,111,22,5
7,3,70,112,22,5
9,3,70,113,22,5
0.5,3,71,114,22,5
8,3,70,115,22,5
6,3,72,116,22,5
3,3,72,117,22,5
5,3,73,116,22,5
4,3,73,117,22,5
1.5,3,74,118,22,5
3,3,74,119,22,5
1.75,3,74,120,22,5
2.5,3,74,121,22,5
1,3,75,122,22,5
0.75,3,75,123,22,5
4,3,75,124,22,5
8,3,75,125,22,5
2,3,111,56,22,5
50,3,111,51,22,5
2,3,111,126,22,5
1.25,3,77,127,22,5
1.25,3,77,128,22,5
3.5,5,6,15,22,5
22,1,2,80,23,5
23,1,2,81,23,5
25,1,2,82,23,5
28,1,2,83,23,5
22,1,2,84,23,5
23,1,2,85,23,5
25,1,2,86,23,5
28,1,2,87,23,5
10,1,1,80,23,5
11,1,1,81,23,5
13,1,1,82,23,5
15,1,1,83,23,5
5,1,1,88,23,5
6,1,1,89,23,5
8,1,1,84,23,5
8.5,1,1,85,23,5
2,1,62,90,23,5
1.5,1,62,91,23,5
1,1,62,92,23,5
1,1,63,93,23,5
0.5,1,63,94,23,5
0.5,1,63,95,23,5
1,1,63,96,23,5
8,2,64,97,23,5
10,2,64,98,23,5
12,2,64,99,23,5
3,2,65,100,23,5
4,2,65,101,23,5
3,2,66,102,23,5
3,2,66,103,23,5
2,2,67,104,23,5
0.5,2,67,105,23,5
1,2,68,106,23,5
1,2,68,107,23,5
3,2,68,108,23,5
4,2,68,109,23,5
0.25,2,96,152,23,5
0.25,2,96,153,23,5
0.25,2,96,154,23,5
0.25,2,96,155,23,5
4,2,69,110,23,5
2,2,69,111,23,5
7,3,70,112,23,5
9,3,70,113,23,5
0.5,3,71,114,23,5
8,3,70,115,23,5
6,3,72,116,23,5
3,3,72,117,23,5
5,3,73,116,23,5
4,3,73,117,23,5
1.5,3,74,118,23,5
3,3,74,119,23,5
1.75,3,74,120,23,5
2.5,3,74,121,23,5
1,3,75,122,23,5
0.75,3,75,123,23,5
4,3,75,124,23,5
8,3,75,125,23,5
2,3,111,56,23,5
50,3,111,51,23,5
2,3,111,126,23,5
1.25,3,77,127,23,5
1.25,3,77,128,23,5
3.5,5,6,15,23,5
22,1,2,80,26,5
23,1,2,81,26,5
25,1,2,82,26,5
28,1,2,83,26,5
22,1,2,84,26,5
23,1,2,85,26,5
25,1,2,86,26,5
28,1,2,87,26,5
10,1,1,80,26,5
11,1,1,81,26,5
13,1,1,82,26,5
15,1,1,83,26,5
5,1,1,88,26,5
6,1,1,89,26,5
8,1,1,84,26,5
8.5,1,1,85,26,5
2,1,62,90,26,5
1.5,1,62,91,26,5
1,1,62,92,26,5
1,1,63,93,26,5
0.5,1,63,94,26,5
0.5,1,63,95,26,5
1,1,63,96,26,5
8,2,64,97,26,5
10,2,64,98,26,5
12,2,64,99,26,5
3,2,65,100,26,5
4,2,65,101,26,5
3,2,66,102,26,5
3,2,66,103,26,5
2,2,67,104,26,5
0.5,2,67,105,26,5
1,2,68,106,26,5
1,2,68,107,26,5
3,2,68,108,26,5
4,2,68,109,26,5
0.25,2,96,152,26,5
0.25,2,96,153,26,5
0.25,2,96,154,26,5
0.25,2,96,155,26,5
4,2,69,110,26,5
2,2,69,111,26,5
7,3,70,112,26,5
9,3,70,113,26,5
0.5,3,71,114,26,5
8,3,70,115,26,5
6,3,72,116,26,5
3,3,72,117,26,5
5,3,73,116,26,5
4,3,73,117,26,5
1.5,3,74,118,26,5
3,3,74,119,26,5
1.75,3,74,120,26,5
2.5,3,74,121,26,5
1,3,75,122,26,5
0.75,3,75,123,26,5
4,3,75,124,26,5
8,3,75,125,26,5
2,3,111,56,26,5
50,3,111,51,26,5
2,3,111,126,26,5
1.25,3,77,127,26,5
1.25,3,77,128,26,5
3.5,5,6,15,26,5
22,1,2,80,27,5
23,1,2,81,27,5
25,1,2,82,27,5
28,1,2,83,27,5
22,1,2,84,27,5
23,1,2,85,27,5
25,1,2,86,27,5
28,1,2,87,27,5
12,1,1,80,27,5
13,1,1,81,27,5
15,1,1,82,27,5
15,1,1,83,27,5
5,1,1,88,27,5
6,1,1,89,27,5
10,1,1,84,27,5
10.5,1,1,85,27,5
2,1,62,90,27,5
1.5,1,62,91,27,5
1,1,62,92,27,5
1,1,63,93,27,5
0.5,1,63,94,27,5
0.5,1,63,95,27,5
1,1,63,96,27,5
8,2,64,97,27,5
10,2,64,98,27,5
12,2,64,99,27,5
3,2,65,100,27,5
4,2,65,101,27,5
3,2,66,102,27,5
3,2,66,103,27,5
2,2,67,104,27,5
0.5,2,67,105,27,5
2,2,68,106,27,5
1,2,68,107,27,5
3,2,68,108,27,5
4,2,68,109,27,5
0.25,2,96,152,27,5
0.25,2,96,153,27,5
0.25,2,96,154,27,5
0.25,2,96,155,27,5
4,2,69,110,27,5
2,2,69,111,27,5
7,3,70,112,27,5
9,3,70,113,27,5
0.5,3,71,114,27,5
8,3,70,115,27,5
6,3,72,116,27,5
3,3,72,117,27,5
5,3,73,116,27,5
4,3,73,117,27,5
1.5,3,74,118,27,5
3,3,74,119,27,5
1.75,3,74,120,27,5
2.5,3,74,121,27,5
1,3,75,122,27,5
0.75,3,75,123,27,5
4,3,75,124,27,5
8,3,75,125,27,5
2,3,111,56,27,5
50,3,111,51,27,5
2,3,111,126,27,5
1.25,3,77,127,27,5
1.25,3,77,128,27,5
3.5,5,6,15,27,5
22,1,2,80,28,5
23,1,2,81,28,5
25,1,2,82,28,5
28,1,2,83,28,5
22,1,2,84,28,5
23,1,2,85,28,5
25,1,2,86,28,5
28,1,2,87,28,5
12,1,1,80,28,5
13,1,1,81,28,5
15,1,1,82,28,5
15,1,1,83,28,5
5,1,1,88,28,5
6,1,1,89,28,5
10,1,1,84,28,5
10.5,1,1,85,28,5
2,1,62,90,28,5
1.5,1,62,91,28,5
1,1,62,92,28,5
1,1,63,93,28,5
0.5,1,63,94,28,5
0.5,1,63,95,28,5
1,1,63,96,28,5
8,2,64,97,28,5
10,2,64,98,28,5
12,2,64,99,28,5
3,2,65,100,28,5
4,2,65,101,28,5
3,2,66,102,28,5
3,2,66,103,28,5
2,2,67,104,28,5
0.5,2,67,105,28,5
2,2,68,106,28,5
1,2,68,107,28,5
3,2,68,108,28,5
4,2,68,109,28,5
0.25,2,96,152,28,5
0.25,2,96,153,28,5
0.25,2,96,154,28,5
0.25,2,96,155,28,5
4,2,69,110,28,5
2,2,69,111,28,5
7,3,70,112,28,5
9,3,70,113,28,5
0.5,3,71,114,28,5
8,3,70,115,28,5
6,3,72,116,28,5
3,3,72,117,28,5
5,3,73,116,28,5
4,3,73,117,28,5
1.5,3,74,118,28,5
3,3,74,119,28,5
1.75,3,74,120,28,5
2.5,3,74,121,28,5
1,3,75,122,28,5
0.75,3,75,123,28,5
4,3,75,124,28,5
8,3,75,125,28,5
2,3,111,56,28,5
50,3,111,51,28,5
2,3,111,126,28,5
1.25,3,77,127,28,5
1.25,3,77,128,28,5
3.5,5,6,15,28,5
22,1,2,80,30,5
23,1,2,81,30,5
25,1,2,82,30,5
28,1,2,83,30,5
22,1,2,84,30,5
23,1,2,85,30,5
25,1,2,86,30,5
28,1,2,87,30,5
12,1,1,80,30,5
13,1,1,81,30,5
15,1,1,82,30,5
15,1,1,83,30,5
5,1,1,88,30,5
6,1,1,89,30,5
10,1,1,84,30,5
10.5,1,1,85,30,5
2,1,62,90,30,5
1.5,1,62,91,30,5
1,1,62,92,30,5
1,1,63,93,30,5
0.5,1,63,94,30,5
0.5,1,63,95,30,5
1,1,63,96,30,5
10,2,64,97,30,5
12,2,64,98,30,5
14,2,64,99,30,5
3,2,65,100,30,5
4,2,65,101,30,5
3,2,66,102,30,5
3,2,66,103,30,5
2,2,67,104,30,5
0.5,2,67,105,30,5
2,2,68,106,30,5
1,2,68,107,30,5
3,2,68,108,30,5
4,2,68,109,30,5
0.25,2,96,152,30,5
0.25,2,96,153,30,5
0.25,2,96,154,30,5
0.25,2,96,155,30,5
6,2,69,110,30,5
2,2,69,111,30,5
8,3,70,112,30,5
10,3,70,113,30,5
0.5,3,71,114,30,5
8,3,70,115,30,5
6,3,72,116,30,5
3,3,72,117,30,5
5,3,73,116,30,5
4,3,73,117,30,5
1.5,3,74,118,30,5
3,3,74,119,30,5
1.75,3,74,120,30,5
2.5,3,74,121,30,5
1,3,75,122,30,5
0.75,3,75,123,30,5
7,3,75,124,30,5
8,3,75,125,30,5
2,3,111,56,30,5
50,3,111,51,30,5
2,3,111,126,30,5
1.25,3,77,127,30,5
1.25,3,77,128,30,5
3.5,5,6,15,30,5
22,1,2,80,32,5
23,1,2,81,32,5
25,1,2,82,32,5
28,1,2,83,32,5
22,1,2,84,32,5
23,1,2,85,32,5
25,1,2,86,32,5
28,1,2,87,32,5
12,1,1,80,32,5
13,1,1,81,32,5
15,1,1,82,32,5
15,1,1,83,32,5
5,1,1,88,32,5
6,1,1,89,32,5
10,1,1,84,32,5
10.5,1,1,85,32,5
2,1,62,90,32,5
1.5,1,62,91,32,5
1,1,62,92,32,5
1,1,63,93,32,5
0.5,1,63,94,32,5
0.5,1,63,95,32,5
1,1,63,96,32,5
10,2,64,97,32,5
12,2,64,98,32,5
14,2,64,99,32,5
3,2,65,100,32,5
4,2,65,101,32,5
4,2,66,102,32,5
4,2,66,103,32,5
2,2,67,104,32,5
0.5,2,67,105,32,5
2,2,68,106,32,5
1,2,68,107,32,5
3,2,68,108,32,5
4,2,68,109,32,5
0.25,2,96,152,32,5
0.25,2,96,153,32,5
0.25,2,96,154,32,5
0.25,2,96,155,32,5
6,2,69,110,32,5
2,2,69,111,32,5
8,3,70,112,32,5
10,3,70,113,32,5
0.5,3,71,114,32,5
8,3,70,115,32,5
7,3,72,116,32,5
3,3,72,117,32,5
6,3,73,116,32,5
5,3,73,117,32,5
1.5,3,74,118,32,5
3,3,74,119,32,5
1.75,3,74,120,32,5
2.5,3,74,121,32,5
1,3,75,122,32,5
0.75,3,75,123,32,5
7,3,75,124,32,5
10,3,75,125,32,5
2,3,111,56,32,5
50,3,111,51,32,5
2,3,111,126,32,5
1.25,3,77,127,32,5
1.25,3,77,128,32,5
3.5,5,6,15,32,5
22,1,2,80,34,5
23,1,2,81,34,5
25,1,2,82,34,5
28,1,2,83,34,5
22,1,2,84,34,5
23,1,2,85,34,5
25,1,2,86,34,5
28,1,2,87,34,5
12,1,1,80,34,5
13,1,1,81,34,5
15,1,1,82,34,5
15,1,1,83,34,5
5,1,1,88,34,5
6,1,1,89,34,5
10,1,1,84,34,5
10.5,1,1,85,34,5
2,1,62,90,34,5
1.5,1,62,91,34,5
1,1,62,92,34,5
1,1,63,93,34,5
0.5,1,63,94,34,5
0.5,1,63,95,34,5
1,1,63,96,34,5
10,2,64,97,34,5
12,2,64,98,34,5
14,2,64,99,34,5
3,2,65,100,34,5
4,2,65,101,34,5
4,2,66,102,34,5
4,2,66,103,34,5
2,2,67,104,34,5
0.5,2,67,105,34,5
2,2,68,106,34,5
1,2,68,107,34,5
3,2,68,108,34,5
4,2,68,109,34,5
0.25,2,96,152,34,5
0.25,2,96,153,34,5
0.25,2,96,154,34,5
0.25,2,96,155,34,5
6,2,69,110,34,5
2,2,69,111,34,5
8,3,70,112,34,5
10,3,70,113,34,5
0.5,3,71,114,34,5
8,3,70,115,34,5
7,3,72,116,34,5
3,3,72,117,34,5
6,3,73,116,34,5
5,3,73,117,34,5
1.5,3,74,118,34,5
3,3,74,119,34,5
1.75,3,74,120,34,5
2.5,3,74,121,34,5
1,3,75,122,34,5
0.75,3,75,123,34,5
7,3,75,124,34,5
10,3,75,125,34,5
2,3,111,56,34,5
50,3,111,51,34,5
2,3,111,126,34,5
1.25,3,77,127,34,5
1.25,3,77,128,34,5
3.5,5,6,15,34,5
22,1,2,80,35,5
23,1,2,81,35,5
25,1,2,82,35,5
28,1,2,83,35,5
22,1,2,84,35,5
23,1,2,85,35,5
25,1,2,86,35,5
28,1,2,87,35,5
12,1,1,80,35,5
13,1,1,81,35,5
15,1,1,82,35,5
15,1,1,83,35,5
5,1,1,88,35,5
6,1,1,89,35,5
12,1,1,84,35,5
12.5,1,1,85,35,5
2,1,62,90,35,5
1.5,1,62,91,35,5
1,1,62,92,35,5
1,1,63,93,35,5
0.5,1,63,94,35,5
0.5,1,63,95,35,5
1,1,63,96,35,5
10,2,64,97,35,5
12,2,64,98,35,5
14,2,64,99,35,5
3,2,65,100,35,5
4,2,65,101,35,5
4,2,66,102,35,5
4,2,66,103,35,5
2,2,67,104,35,5
0.5,2,67,105,35,5
2,2,68,106,35,5
1,2,68,107,35,5
3,2,68,108,35,5
4,2,68,109,35,5
0.25,2,96,152,35,5
0.25,2,96,153,35,5
0.25,2,96,154,35,5
0.25,2,96,155,35,5
6,2,69,110,35,5
2,2,69,111,35,5
8,3,70,112,35,5
10,3,70,113,35,5
0.5,3,71,114,35,5
8,3,70,115,35,5
7,3,72,116,35,5
3,3,72,117,35,5
6,3,73,116,35,5
5,3,73,117,35,5
1.5,3,74,118,35,5
3,3,74,119,35,5
1.75,3,74,120,35,5
2.5,3,74,121,35,5
1,3,75,122,35,5
0.75,3,75,123,35,5
7,3,75,124,35,5
10,3,75,125,35,5
2,3,111,56,35,5
50,3,111,51,35,5
2,3,111,126,35,5
1.25,3,77,127,35,5
1.25,3,77,128,35,5
3.5,5,6,15,35,5
22,1,2,80,37,5
23,1,2,81,37,5
25,1,2,82,37,5
28,1,2,83,37,5
22,1,2,84,37,5
23,1,2,85,37,5
25,1,2,86,37,5
28,1,2,87,37,5
12,1,1,80,37,5
13,1,1,81,37,5
15,1,1,82,37,5
15,1,1,83,37,5
5,1,1,88,37,5
6,1,1,89,37,5
12,1,1,84,37,5
12.5,1,1,85,37,5
2,1,62,90,37,5
1.5,1,62,91,37,5
1,1,62,92,37,5
1,1,63,93,37,5
0.5,1,63,94,37,5
0.5,1,63,95,37,5
1,1,63,96,37,5
10,2,64,97,37,5
12,2,64,98,37,5
14,2,64,99,37,5
3,2,65,100,37,5
4,2,65,101,37,5
4,2,66,102,37,5
4,2,66,103,37,5
2,2,67,104,37,5
0.5,2,67,105,37,5
2,2,68,106,37,5
1,2,68,107,37,5
3,2,68,108,37,5
4,2,68,109,37,5
0.25,2,96,152,37,5
0.25,2,96,153,37,5
0.25,2,96,154,37,5
0.25,2,96,155,37,5
6,2,69,110,37,5
2,2,69,111,37,5
8,3,70,112,37,5
10,3,70,113,37,5
0.5,3,71,114,37,5
8,3,70,115,37,5
7,3,72,116,37,5
3,3,72,117,37,5
6,3,73,116,37,5
5,3,73,117,37,5
1.5,3,74,118,37,5
3,3,74,119,37,5
1.75,3,74,120,37,5
2.5,3,74,121,37,5
1,3,75,122,37,5
0.75,3,75,123,37,5
7,3,75,124,37,5
10,3,75,125,37,5
2,3,111,56,37,5
50,3,111,51,37,5
2,3,111,126,37,5
1.25,3,77,127,37,5
1.25,3,77,128,37,5
3.5,5,6,15,37,5
22,1,2,80,41,5
23,1,2,81,41,5
25,1,2,82,41,5
28,1,2,83,41,5
22,1,2,84,41,5
23,1,2,85,41,5
25,1,2,86,41,5
28,1,2,87,41,5
12,1,1,80,41,5
13,1,1,81,41,5
15,1,1,82,41,5
15,1,1,83,41,5
5,1,1,88,41,5
6,1,1,89,41,5
12,1,1,84,41,5
12.5,1,1,85,41,5
2,1,62,90,41,5
1.5,1,62,91,41,5
1,1,62,92,41,5
1,1,63,93,41,5
0.5,1,63,94,41,5
0.5,1,63,95,41,5
1,1,63,96,41,5
10,2,64,97,41,5
12,2,64,98,41,5
14,2,64,99,41,5
3,2,65,100,41,5
4,2,65,101,41,5
4,2,66,102,41,5
4,2,66,103,41,5
2,2,67,104,41,5
0.5,2,67,105,41,5
2,2,68,106,41,5
1,2,68,107,41,5
3,2,68,108,41,5
4,2,68,109,41,5
0.25,2,96,152,41,5
0.25,2,96,153,41,5
0.25,2,96,154,41,5
0.25,2,96,155,41,5
6,2,69,110,41,5
2,2,69,111,41,5
8,3,70,112,41,5
10,3,70,113,41,5
0.5,3,71,114,41,5
8,3,70,115,41,5
7,3,72,116,41,5
3,3,72,117,41,5
6,3,73,116,41,5
5,3,73,117,41,5
1.5,3,74,118,41,5
3,3,74,119,41,5
1.75,3,74,120,41,5
2.5,3,74,121,41,5
1,3,75,122,41,5
0.75,3,75,123,41,5
7,3,75,124,41,5
10,3,75,125,41,5
2,3,111,56,41,5
50,3,111,51,41,5
2,3,111,126,41,5
1.25,3,77,127,41,5
1.25,3,77,128,41,5
3.5,5,6,15,41,5
22,1,2,80,42,5
23,1,2,81,42,5
25,1,2,82,42,5
28,1,2,83,42,5
22,1,2,84,42,5
23,1,2,85,42,5
25,1,2,86,42,5
28,1,2,87,42,5
12,1,1,80,42,5
13,1,1,81,42,5
15,1,1,82,42,5
15,1,1,83,42,5
5,1,1,88,42,5
6,1,1,89,42,5
12,1,1,84,42,5
12.5,1,1,85,42,5
2,1,62,90,42,5
1.5,1,62,91,42,5
1,1,62,92,42,5
1,1,63,93,42,5
0.5,1,63,94,42,5
0.5,1,63,95,42,5
1,1,63,96,42,5
10,2,64,97,42,5
12,2,64,98,42,5
14,2,64,99,42,5
3,2,65,100,42,5
4,2,65,101,42,5
4,2,66,102,42,5
4,2,66,103,42,5
2,2,67,104,42,5
0.5,2,67,105,42,5
2,2,68,106,42,5
1,2,68,107,42,5
3,2,68,108,42,5
4,2,68,109,42,5
0.25,2,96,152,42,5
0.25,2,96,153,42,5
0.25,2,96,154,42,5
0.25,2,96,155,42,5
6,2,69,110,42,5
2,2,69,111,42,5
8,3,70,112,42,5
10,3,70,113,42,5
0.5,3,71,114,42,5
8,3,70,115,42,5
7,3,72,116,42,5
3,3,72,117,42,5
6,3,73,116,42,5
5,3,73,117,42,5
1.5,3,74,118,42,5
3,3,74,119,42,5
1.75,3,74,120,42,5
2.5,3,74,121,42,5
1,3,75,122,42,5
0.75,3,75,123,42,5
10,3,75,124,42,5
10,3,75,125,42,5
2.5,3,111,56,42,5
50,3,111,51,42,5
2,3,111,126,42,5
1.25,3,77,127,42,5
1.25,3,77,128,42,5
3.5,5,6,15,42,5
22,1,2,80,44,5
23,1,2,81,44,5
25,1,2,82,44,5
28,1,2,83,44,5
22,1,2,84,44,5
23,1,2,85,44,5
25,1,2,86,44,5
28,1,2,87,44,5
12,1,1,80,44,5
13,1,1,81,44,5
15,1,1,82,44,5
15,1,1,83,44,5
5,1,1,88,44,5
6,1,1,89,44,5
12,1,1,84,44,5
12.5,1,1,85,44,5
2,1,62,90,44,5
1.5,1,62,91,44,5
1,1,62,92,44,5
1,1,63,93,44,5
0.5,1,63,94,44,5
0.5,1,63,95,44,5
1,1,63,96,44,5
10,2,64,97,44,5
12,2,64,98,44,5
14,2,64,99,44,5
3,2,65,100,44,5
4,2,65,101,44,5
5,2,66,102,44,5
5,2,66,103,44,5
2,2,67,104,44,5
0.5,2,67,105,44,5
2,2,68,106,44,5
1,2,68,107,44,5
3,2,68,108,44,5
4,2,68,109,44,5
0.25,2,96,152,44,5
0.25,2,96,153,44,5
0.25,2,96,154,44,5
0.25,2,96,155,44,5
6,2,69,110,44,5
2,2,69,111,44,5
14,3,70,112,44,5
16,3,70,113,44,5
0.5,3,71,114,44,5
8,3,70,115,44,5
8,3,72,116,44,5
3,3,72,117,44,5
6,3,73,116,44,5
5,3,73,117,44,5
1.5,3,74,118,44,5
3,3,74,119,44,5
1.75,3,74,120,44,5
2.5,3,74,121,44,5
1,3,75,122,44,5
1,3,75,123,44,5
10,3,75,124,44,5
10,3,75,125,44,5
2.5,3,111,56,44,5
50,3,111,51,44,5
2,3,111,126,44,5
1.5,3,77,127,44,5
1.5,3,77,128,44,5
3.5,5,6,15,44,5
22,1,2,80,46,5
23,1,2,81,46,5
25,1,2,82,46,5
28,1,2,83,46,5
22,1,2,84,46,5
23,1,2,85,46,5
25,1,2,86,46,5
28,1,2,87,46,5
12,1,1,80,46,5
13,1,1,81,46,5
15,1,1,82,46,5
15,1,1,83,46,5
5,1,1,88,46,5
6,1,1,89,46,5
13,1,1,84,46,5
13.5,1,1,85,46,5
2,1,62,90,46,5
1.5,1,62,91,46,5
1,1,62,92,46,5
1,1,63,93,46,5
0.5,1,63,94,46,5
0.5,1,63,95,46,5
1,1,63,96,46,5
10,2,64,97,46,5
12,2,64,98,46,5
14,2,64,99,46,5
3,2,65,100,46,5
4,2,65,101,46,5
5,2,66,102,46,5
5,2,66,103,46,5
2,2,67,104,46,5
0.5,2,67,105,46,5
2,2,68,106,46,5
1,2,68,107,46,5
3,2,68,108,46,5
4,2,68,109,46,5
0.25,2,96,152,46,5
0.25,2,96,153,46,5
0.25,2,96,154,46,5
0.25,2,96,155,46,5
6,2,69,110,46,5
2,2,69,111,46,5
14,3,70,112,46,5
16,3,70,113,46,5
0.5,3,71,114,46,5
8,3,70,115,46,5
8,3,72,116,46,5
3,3,72,117,46,5
6,3,73,116,46,5
5,3,73,117,46,5
1.5,3,74,118,46,5
3,3,74,119,46,5
1.75,3,74,120,46,5
2.5,3,74,121,46,5
1,3,75,122,46,5
1,3,75,123,46,5
10,3,75,124,46,5
12,3,75,125,46,5
2.5,3,111,56,46,5
50,3,111,51,46,5
2,3,111,126,46,5
1.5,3,77,127,46,5
1.5,3,77,128,46,5
3.5,5,6,15,46,5
22,1,2,80,47,5
23,1,2,81,47,5
25,1,2,82,47,5
28,1,2,83,47,5
22,1,2,84,47,5
23,1,2,85,47,5
25,1,2,86,47,5
28,1,2,87,47,5
14,1,1,80,47,5
15,1,1,81,47,5
17,1,1,82,47,5
19,1,1,83,47,5
6,1,1,88,47,5
7,1,1,89,47,5
13,1,1,84,47,5
13.5,1,1,85,47,5
2,1,62,90,47,5
1.5,1,62,91,47,5
1.5,1,62,92,47,5
1,1,63,93,47,5
0.5,1,63,94,47,5
0.5,1,63,95,47,5
1,1,63,96,47,5
10,2,64,97,47,5
12,2,64,98,47,5
14,2,64,99,47,5
3,2,65,100,47,5
4,2,65,101,47,5
5,2,66,102,47,5
5,2,66,103,47,5
2,2,67,104,47,5
0.5,2,67,105,47,5
2,2,68,106,47,5
2,2,68,107,47,5
3,2,68,108,47,5
4,2,68,109,47,5
0.25,2,96,152,47,5
0.25,2,96,153,47,5
0.25,2,96,154,47,5
0.25,2,96,155,47,5
6,2,69,110,47,5
2,2,69,111,47,5
14,3,70,112,47,5
16,3,70,113,47,5
0.5,3,71,114,47,5
8,3,70,115,47,5
8,3,72,116,47,5
3,3,72,117,47,5
12,3,73,116,47,5
9,3,73,117,47,5
1.5,3,74,118,47,5
3,3,74,119,47,5
1.75,3,74,120,47,5
2.5,3,74,121,47,5
1,3,75,122,47,5
1,3,75,123,47,5
10,3,75,124,47,5
12,3,75,125,47,5
2.5,3,111,56,47,5
50,3,111,51,47,5
2,3,111,126,47,5
1.5,3,77,127,47,5
1.5,3,77,128,47,5
3.5,5,6,15,47,5
22,1,2,80,49,5
23,1,2,81,49,5
25,1,2,82,49,5
28,1,2,83,49,5
22,1,2,84,49,5
23,1,2,85,49,5
25,1,2,86,49,5
28,1,2,87,49,5
14,1,1,80,49,5
15,1,1,81,49,5
17,1,1,82,49,5
19,1,1,83,49,5
6,1,1,88,49,5
7,1,1,89,49,5
13,1,1,84,49,5
13.5,1,1,85,49,5
2,1,62,90,49,5
1.5,1,62,91,49,5
1.5,1,62,92,49,5
1,1,63,93,49,5
0.5,1,63,94,49,5
0.5,1,63,95,49,5
1,1,63,96,49,5
10,2,64,97,49,5
12,2,64,98,49,5
14,2,64,99,49,5
3,2,65,100,49,5
4,2,65,101,49,5
5,2,66,102,49,5
5,2,66,103,49,5
2,2,67,104,49,5
0.5,2,67,105,49,5
2,2,68,106,49,5
2,2,68,107,49,5
3,2,68,108,49,5
4,2,68,109,49,5
0.25,2,96,152,49,5
0.25,2,96,153,49,5
0.25,2,96,154,49,5
0.25,2,96,155,49,5
6,2,69,110,49,5
2,2,69,111,49,5
14,3,70,112,49,5
16,3,70,113,49,5
0.5,3,71,114,49,5
8,3,70,115,49,5
8,3,72,116,49,5
3,3,72,117,49,5
12,3,73,116,49,5
9,3,73,117,49,5
1.75,3,74,118,49,5
3.5,3,74,119,49,5
2,3,74,120,49,5
2.75,3,74,121,49,5
1,3,75,122,49,5
1,3,75,123,49,5
12,3,75,124,49,5
12,3,75,125,49,5
2.5,3,111,56,49,5
50,3,111,51,49,5
2,3,111,126,49,5
1.5,3,77,127,49,5
1.5,3,77,128,49,5
3.5,5,6,15,49,5
22,1,2,80,50,5
23,1,2,81,50,5
25,1,2,82,50,5
28,1,2,83,50,5
22,1,2,84,50,5
23,1,2,85,50,5
25,1,2,86,50,5
28,1,2,87,50,5
14,1,1,80,50,5
15,1,1,81,50,5
17,1,1,82,50,5
19,1,1,83,50,5
6,1,1,88,50,5
7,1,1,89,50,5
13,1,1,84,50,5
13.5,1,1,85,50,5
2,1,62,90,50,5
1.5,1,62,91,50,5
1.5,1,62,92,50,5
1,1,63,93,50,5
0.5,1,63,94,50,5
0.5,1,63,95,50,5
1,1,63,96,50,5
10,2,64,97,50,5
12,2,64,98,50,5
14,2,64,99,50,5
3,2,65,100,50,5
4,2,65,101,50,5
6,2,66,102,50,5
6,2,66,103,50,5
2,2,67,104,50,5
0.5,2,67,105,50,5
2,2,68,106,50,5
2,2,68,107,50,5
3,2,68,108,50,5
4,2,68,109,50,5
0.25,2,96,152,50,5
0.25,2,96,153,50,5
0.25,2,96,154,50,5
0.25,2,96,155,50,5
6,2,69,110,50,5
2,2,69,111,50,5
16,3,70,112,50,5
18,3,70,113,50,5
0.5,3,71,114,50,5
8,3,70,115,50,5
8,3,72,116,50,5
3,3,72,117,50,5
12,3,73,116,50,5
9,3,73,117,50,5
1.75,3,74,118,50,5
3.5,3,74,119,50,5
2,3,74,120,50,5
2.75,3,74,121,50,5
1,3,75,122,50,5
1,3,75,123,50,5
12,3,75,124,50,5
12,3,75,125,50,5
2.5,3,111,56,50,5
50,3,111,51,50,5
2,3,111,126,50,5
1.5,3,77,127,50,5
1.5,3,77,128,50,5
4,5,6,15,50,5
22,1,2,80,53,5
23,1,2,81,53,5
25,1,2,82,53,5
28,1,2,83,53,5
22,1,2,84,53,5
23,1,2,85,53,5
25,1,2,86,53,5
28,1,2,87,53,5
14,1,1,80,53,5
15,1,1,81,53,5
17,1,1,82,53,5
19,1,1,83,53,5
6,1,1,88,53,5
7,1,1,89,53,5
14,1,1,84,53,5
14.5,1,1,85,53,5
2,1,62,90,53,5
1.5,1,62,91,53,5
1.5,1,62,92,53,5
1,1,63,93,53,5
0.5,1,63,94,53,5
0.5,1,63,95,53,5
1,1,63,96,53,5
10,2,64,97,53,5
12,2,64,98,53,5
14,2,64,99,53,5
3,2,65,100,53,5
4,2,65,101,53,5
6,2,66,102,53,5
6,2,66,103,53,5
2,2,67,104,53,5
0.5,2,67,105,53,5
2,2,68,106,53,5
2,2,68,107,53,5
3,2,68,108,53,5
4,2,68,109,53,5
0.25,2,96,152,53,5
0.25,2,96,153,53,5
0.25,2,96,154,53,5
0.25,2,96,155,53,5
6,2,69,110,53,5
2,2,69,111,53,5
16,3,70,112,53,5
18,3,70,113,53,5
0.5,3,71,114,53,5
8,3,70,115,53,5
12,3,72,116,53,5
3,3,72,117,53,5
12,3,73,116,53,5
9,3,73,117,53,5
1.75,3,74,118,53,5
3.5,3,74,119,53,5
2,3,74,120,53,5
2.75,3,74,121,53,5
1,3,75,122,53,5
1,3,75,123,53,5
12,3,75,124,53,5
12,3,75,125,53,5
2.5,3,111,56,53,5
50,3,111,51,53,5
2,3,111,126,53,5
1.5,3,77,127,53,5
1.5,3,77,128,53,5
4,5,6,15,53,5
22,1,2,80,55,5
23,1,2,81,55,5
25,1,2,82,55,5
28,1,2,83,55,5
22,1,2,84,55,5
23,1,2,85,55,5
25,1,2,86,55,5
28,1,2,87,55,5
14,1,1,80,55,5
15,1,1,81,55,5
17,1,1,82,55,5
19,1,1,83,55,5
6,1,1,88,55,5
7,1,1,89,55,5
14,1,1,84,55,5
14.5,1,1,85,55,5
2.5,1,62,90,55,5
1.5,1,62,91,55,5
2,1,62,92,55,5
1,1,63,93,55,5
0.5,1,63,94,55,5
0.5,1,63,95,55,5
1,1,63,96,55,5
12,2,64,97,55,5
14,2,64,98,55,5
16,2,64,99,55,5
3,2,65,100,55,5
4,2,65,101,55,5
6,2,66,102,55,5
8,2,66,103,55,5
2,2,67,104,55,5
1,2,67,105,55,5
2,2,68,106,55,5
2,2,68,107,55,5
3,2,68,108,55,5
4,2,68,109,55,5
0.25,2,96,152,55,5
0.25,2,96,153,55,5
0.25,2,96,154,55,5
0.25,2,96,155,55,5
8,2,69,110,55,5
2,2,69,111,55,5
16,3,70,112,55,5
19,3,70,113,55,5
0.5,3,71,114,55,5
8,3,70,115,55,5
12,3,72,116,55,5
3,3,72,117,55,5
12,3,73,116,55,5
9,3,73,117,55,5
1.75,3,74,118,55,5
3.5,3,74,119,55,5
2,3,74,120,55,5
2.75,3,74,121,55,5
1,3,75,122,55,5
1.5,3,75,123,55,5
12,3,75,124,55,5
12,3,75,125,55,5
2.5,3,111,56,55,5
50,3,111,51,55,5
3,3,111,126,55,5
1.5,3,77,127,55,5
1.5,3,77,128,55,5
4,5,6,15,55,5
30,1,2,80,60,5
31,1,2,81,60,5
33,1,2,82,60,5
36,1,2,83,60,5
30,1,2,84,60,5
31,1,2,85,60,5
33,1,2,86,60,5
36,1,2,87,60,5
14,1,1,80,60,5
15,1,1,81,60,5
17,1,1,82,60,5
19,1,1,83,60,5
6,1,1,88,60,5
7,1,1,89,60,5
14,1,1,84,60,5
14.5,1,1,85,60,5
2.5,1,62,90,60,5
1.5,1,62,91,60,5
2,1,62,92,60,5
1,1,63,93,60,5
0.5,1,63,94,60,5
0.5,1,63,95,60,5
1,1,63,96,60,5
12,2,64,97,60,5
14,2,64,98,60,5
16,2,64,99,60,5
3,2,65,100,60,5
4,2,65,101,60,5
6,2,66,102,60,5
8,2,66,103,60,5
2,2,67,104,60,5
1,2,67,105,60,5
2,2,68,106,60,5
2,2,68,107,60,5
3,2,68,108,60,5
4,2,68,109,60,5
0.25,2,96,152,60,5
0.25,2,96,153,60,5
0.25,2,96,154,60,5
0.25,2,96,155,60,5
8,2,69,110,60,5
3.5,2,69,111,60,5
16,3,70,112,60,5
19,3,70,113,60,5
0.5,3,71,114,60,5
8,3,70,115,60,5
12,3,72,116,60,5
3,3,72,117,60,5
12,3,73,116,60,5
9,3,73,117,60,5
1.75,3,74,118,60,5
3.5,3,74,119,60,5
2,3,74,120,60,5
2.75,3,74,121,60,5
1,3,75,122,60,5
1.5,3,75,123,60,5
14,3,75,124,60,5
14,3,75,125,60,5
2.5,3,111,56,60,5
50,3,111,51,60,5
3,3,111,126,60,5
1.5,3,77,127,60,5
1.5,3,77,128,60,5
4,5,6,15,60,5
30,1,2,80,61,5
31,1,2,81,61,5
33,1,2,82,61,5
36,1,2,83,61,5
30,1,2,84,61,5
31,1,2,85,61,5
33,1,2,86,61,5
36,1,2,87,61,5
14,1,1,80,61,5
15,1,1,81,61,5
17,1,1,82,61,5
19,1,1,83,61,5
6,1,1,88,61,5
7,1,1,89,61,5
15,1,1,84,61,5
15.5,1,1,85,61,5
2.5,1,62,90,61,5
1.5,1,62,91,61,5
2,1,62,92,61,5
1,1,63,93,61,5
0.5,1,63,94,61,5
0.5,1,63,95,61,5
1,1,63,96,61,5
12,2,64,97,61,5
14,2,64,98,61,5
16,2,64,99,61,5
3,2,65,100,61,5
4,2,65,101,61,5
6,2,66,102,61,5
8,2,66,103,61,5
2,2,67,104,61,5
1,2,67,105,61,5
2,2,68,106,61,5
2,2,68,107,61,5
3,2,68,108,61,5
4,2,68,109,61,5
0.25,2,96,152,61,5
0.25,2,96,153,61,5
0.25,2,96,154,61,5
0.25,2,96,155,61,5
8,2,69,110,61,5
3.5,2,69,111,61,5
16,3,70,112,61,5
19,3,70,113,61,5
0.5,3,71,114,61,5
8,3,70,115,61,5
12,3,72,116,61,5
3,3,72,117,61,5
12,3,73,116,61,5
9,3,73,117,61,5
2,3,74,118,61,5
4,3,74,119,61,5
2.5,3,74,120,61,5
3,3,74,121,61,5
1,3,75,122,61,5
1.5,3,75,123,61,5
14,3,75,124,61,5
14,3,75,125,61,5
2.5,3,111,56,61,5
50,3,111,51,61,5
3,3,111,126,61,5
1.75,3,77,127,61,5
1.75,3,77,128,61,5
4,5,6,15,61,5
30,1,2,80,63,5
31,1,2,81,63,5
33,1,2,82,63,5
36,1,2,83,63,5
30,1,2,84,63,5
31,1,2,85,63,5
33,1,2,86,63,5
36,1,2,87,63,5
14,1,1,80,63,5
15,1,1,81,63,5
17,1,1,82,63,5
19,1,1,83,63,5
6,1,1,88,63,5
7,1,1,89,63,5
15,1,1,84,63,5
15.5,1,1,85,63,5
2.5,1,62,90,63,5
1.5,1,62,91,63,5
2,1,62,92,63,5
1,1,63,93,63,5
0.5,1,63,94,63,5
0.5,1,63,95,63,5
1,1,63,96,63,5
12,2,64,97,63,5
14,2,64,98,63,5
16,2,64,99,63,5
3,2,65,100,63,5
4,2,65,101,63,5
6,2,66,102,63,5
8,2,66,103,63,5
2,2,67,104,63,5
1,2,67,105,63,5
2,2,68,106,63,5
2,2,68,107,63,5
3,2,68,108,63,5
4,2,68,109,63,5
0.25,2,96,152,63,5
0.25,2,96,153,63,5
0.25,2,96,154,63,5
0.25,2,96,155,63,5
8,2,69,110,63,5
3.5,2,69,111,63,5
28,3,70,112,63,5
32,3,70,113,63,5
0.5,3,71,114,63,5
8,3,70,115,63,5
12,3,72,116,63,5
3,3,72,117,63,5
16,3,73,116,63,5
12,3,73,117,63,5
2,3,74,118,63,5
4,3,74,119,63,5
2.5,3,74,120,63,5
3,3,74,121,63,5
1,3,75,122,63,5
1.5,3,75,123,63,5
14,3,75,124,63,5
14,3,75,125,63,5
2.5,3,111,56,63,5
50,3,111,51,63,5
3,3,111,126,63,5
1.75,3,77,127,63,5
1.75,3,77,128,63,5
4,5,6,15,63,5
33,1,2,80,116,5
34,1,2,81,116,5
36,1,2,82,116,5
39,1,2,83,116,5
33,1,2,84,116,5
34,1,2,85,116,5
36,1,2,86,116,5
39,1,2,87,116,5
15,1,1,80,116,5
16,1,1,81,116,5
20,1,1,82,116,5
22,1,1,83,116,5
7.5,1,1,88,116,5
8.3,1,1,89,116,5
15,1,1,84,116,5
15.5,1,1,85,116,5
2.5,1,62,90,116,5
1.5,1,62,91,116,5
2,1,62,92,116,5
1,1,63,93,116,5
0.5,1,63,94,116,5
0.5,1,63,95,116,5
1,1,63,96,116,5
12,2,64,97,116,5
14,2,64,98,116,5
16,2,64,99,116,5
3,2,65,100,116,5
4,2,65,101,116,5
6,2,66,102,116,5
8,2,66,103,116,5
2,2,67,104,116,5
1,2,67,105,116,5
2,2,68,106,116,5
2,2,68,107,116,5
3,2,68,108,116,5
4,2,68,109,116,5
0.25,2,96,152,116,5
0.25,2,96,153,116,5
0.25,2,96,154,116,5
0.25,2,96,155,116,5
8,2,69,110,116,5
3.5,2,69,111,116,5
28,3,70,112,116,5
32,3,70,113,116,5
0.5,3,71,114,116,5
8,3,70,115,116,5
15,3,72,116,116,5
3,3,72,117,116,5
16,3,73,116,116,5
12,3,73,117,116,5
2,3,74,118,116,5
4,3,74,119,116,5
2.5,3,74,120,116,5
3,3,74,121,116,5
1,3,75,122,116,5
1.5,3,75,123,116,5
14,3,75,124,116,5
16,3,75,125,116,5
2.5,3,111,56,116,5
50,3,111,51,116,5
3,3,111,126,116,5
1.75,3,77,127,116,5
1.75,3,77,128,116,5
4,5,6,15,116,5
33,1,2,80,67,5
34,1,2,81,67,5
36,1,2,82,67,5
39,1,2,83,67,5
33,1,2,84,67,5
34,1,2,85,67,5
36,1,2,86,67,5
39,1,2,87,67,5
15,1,1,80,67,5
16,1,1,81,67,5
20,1,1,82,67,5
22,1,1,83,67,5
7.5,1,1,88,67,5
8.3,1,1,89,67,5
15,1,1,84,67,5
15.5,1,1,85,67,5
2.5,1,62,90,67,5
1.5,1,62,91,67,5
2,1,62,92,67,5
1,1,63,93,67,5
0.5,1,63,94,67,5
0.5,1,63,95,67,5
1,1,63,96,67,5
14,2,64,97,67,5
16,2,64,98,67,5
16,2,64,99,67,5
3,2,65,100,67,5
4,2,65,101,67,5
6,2,66,102,67,5
8,2,66,103,67,5
2,2,67,104,67,5
1,2,67,105,67,5
2,2,68,106,67,5
2,2,68,107,67,5
3,2,68,108,67,5
4,2,68,109,67,5
0.25,2,96,152,67,5
0.25,2,96,153,67,5
0.25,2,96,154,67,5
0.25,2,96,155,67,5
8,2,69,110,67,5
3.5,2,69,111,67,5
30,3,70,112,67,5
34,3,70,113,67,5
0.5,3,71,114,67,5
8,3,70,115,67,5
15,3,72,116,67,5
3,3,72,117,67,5
16,3,73,116,67,5
12,3,73,117,67,5
2,3,74,118,67,5
4,3,74,119,67,5
2.5,3,74,120,67,5
3,3,74,121,67,5
1,3,75,122,67,5
2,3,75,123,67,5
14,3,75,124,67,5
16,3,75,125,67,5
3,3,111,56,67,5
50,3,111,51,67,5
3,3,111,126,67,5
2,3,77,127,67,5
2,3,77,128,67,5
4.5,5,6,15,67,5
33,1,2,80,71,5
34,1,2,81,71,5
36,1,2,82,71,5
39,1,2,83,71,5
33,1,2,84,71,5
34,1,2,85,71,5
36,1,2,86,71,5
39,1,2,87,71,5
15,1,1,80,71,5
16,1,1,81,71,5
20,1,1,82,71,5
22,1,1,83,71,5
7.5,1,1,88,71,5
8.3,1,1,89,71,5
15,1,1,84,71,5
15.5,1,1,85,71,5
2.5,1,62,90,71,5
1.5,1,62,91,71,5
2,1,62,92,71,5
1,1,63,93,71,5
0.5,1,63,94,71,5
0.5,1,63,95,71,5
1,1,63,96,71,5
14,2,64,97,71,5
16,2,64,98,71,5
16,2,64,99,71,5
3,2,65,100,71,5
4,2,65,101,71,5
6,2,66,102,71,5
8,2,66,103,71,5
2,2,67,104,71,5
1,2,67,105,71,5
2,2,68,106,71,5
2,2,68,107,71,5
3,2,68,108,71,5
4,2,68,109,71,5
0.25,2,96,152,71,5
0.25,2,96,153,71,5
0.25,2,96,154,71,5
0.25,2,96,155,71,5
8,2,69,110,71,5
3.5,2,69,111,71,5
32,3,70,112,71,5
36,3,70,113,71,5
0.5,3,71,114,71,5
8,3,70,115,71,5
15,3,72,116,71,5
3,3,72,117,71,5
16,3,73,116,71,5
12,3,73,117,71,5
2,3,74,118,71,5
4,3,74,119,71,5
2.5,3,74,120,71,5
3,3,74,121,71,5
1,3,75,122,71,5
2,3,75,123,71,5
16,3,75,124,71,5
16,3,75,125,71,5
3,3,111,56,71,5
50,3,111,51,71,5
3,3,111,126,71,5
2,3,77,127,71,5
2,3,77,128,71,5
4.5,5,6,15,71,5
36,1,2,80,72,5
37,1,2,81,72,5
39,1,2,82,72,5
42,1,2,83,72,5
36,1,2,84,72,5
37,1,2,85,72,5
39,1,2,86,72,5
42,1,2,87,72,5
15,1,1,80,72,5
16,1,1,81,72,5
20,1,1,82,72,5
22,1,1,83,72,5
7.5,1,1,88,72,5
8.3,1,1,89,72,5
15,1,1,84,72,5
15.5,1,1,85,72,5
2.5,1,62,90,72,5
1.5,1,62,91,72,5
2,1,62,92,72,5
1,1,63,93,72,5
0.5,1,63,94,72,5
0.5,1,63,95,72,5
1,1,63,96,72,5
14,2,64,97,72,5
16,2,64,98,72,5
16,2,64,99,72,5
3,2,65,100,72,5
4,2,65,101,72,5
6,2,66,102,72,5
8,2,66,103,72,5
2,2,67,104,72,5
1,2,67,105,72,5
2,2,68,106,72,5
2,2,68,107,72,5
3,2,68,108,72,5
4,2,68,109,72,5
0.25,2,96,152,72,5
0.25,2,96,153,72,5
0.25,2,96,154,72,5
0.25,2,96,155,72,5
8,2,69,110,72,5
3.5,2,69,111,72,5
32,3,70,112,72,5
36,3,70,113,72,5
0.5,3,71,114,72,5
8,3,70,115,72,5
15,3,72,116,72,5
3,3,72,117,72,5
16,3,73,116,72,5
12,3,73,117,72,5
2,3,74,118,72,5
4,3,74,119,72,5
2.5,3,74,120,72,5
3,3,74,121,72,5
1,3,75,122,72,5
2,3,75,123,72,5
16,3,75,124,72,5
18,3,75,125,72,5
3,3,111,56,72,5
50,3,111,51,72,5
3,3,111,126,72,5
2,3,77,127,72,5
2,3,77,128,72,5
4.5,5,6,15,72,5
36,1,2,80,77,5
37,1,2,81,77,5
39,1,2,82,77,5
42,1,2,83,77,5
36,1,2,84,77,5
37,1,2,85,77,5
39,1,2,86,77,5
42,1,2,87,77,5
15,1,1,80,77,5
16,1,1,81,77,5
20,1,1,82,77,5
22,1,1,83,77,5
7.5,1,1,88,77,5
8.3,1,1,89,77,5
15,1,1,84,77,5
15.5,1,1,85,77,5
2.5,1,62,90,77,5
1.5,1,62,91,77,5
2,1,62,92,77,5
1,1,63,93,77,5
0.5,1,63,94,77,5
0.5,1,63,95,77,5
1,1,63,96,77,5
14,2,64,97,77,5
16,2,64,98,77,5
16,2,64,99,77,5
3,2,65,100,77,5
4,2,65,101,77,5
6,2,66,102,77,5
8,2,66,103,77,5
2,2,67,104,77,5
1,2,67,105,77,5
2,2,68,106,77,5
2,2,68,107,77,5
3,2,68,108,77,5
4,2,68,109,77,5
0.25,2,96,152,77,5
0.25,2,96,153,77,5
0.25,2,96,154,77,5
0.25,2,96,155,77,5
8,2,69,110,77,5
3.5,2,69,111,77,5
34,3,70,112,77,5
38,3,70,113,77,5
0.5,3,71,114,77,5
8,3,70,115,77,5
15,3,72,116,77,5
3,3,72,117,77,5
20,3,73,116,77,5
14,3,73,117,77,5
2,3,74,118,77,5
4,3,74,119,77,5
2.5,3,74,120,77,5
3,3,74,121,77,5
1,3,75,122,77,5
2,3,75,123,77,5
16,3,75,124,77,5
18,3,75,125,77,5
3,3,111,56,77,5
50,3,111,51,77,5
3,3,111,126,77,5
2,3,77,127,77,5
2,3,77,128,77,5
5,5,6,15,77,5
36,1,2,80,117,5
37,1,2,81,117,5
39,1,2,82,117,5
42,1,2,83,117,5
36,1,2,84,117,5
37,1,2,85,117,5
39,1,2,86,117,5
42,1,2,87,117,5
15,1,1,80,117,5
16,1,1,81,117,5
20,1,1,82,117,5
22,1,1,83,117,5
7.5,1,1,88,117,5
8.3,1,1,89,117,5
15,1,1,84,117,5
15.5,1,1,85,117,5
2.5,1,62,90,117,5
1.5,1,62,91,117,5
2,1,62,92,117,5
1,1,63,93,117,5
0.5,1,63,94,117,5
0.5,1,63,95,117,5
1,1,63,96,117,5
14,2,64,97,117,5
16,2,64,98,117,5
16,2,64,99,117,5
3,2,65,100,117,5
4,2,65,101,117,5
6,2,66,102,117,5
8,2,66,103,117,5
2,2,67,104,117,5
2,2,67,105,117,5
2,2,68,106,117,5
2,2,68,107,117,5
3,2,68,108,117,5
4,2,68,109,117,5
0.25,2,96,152,117,5
0.25,2,96,153,117,5
0.25,2,96,154,117,5
0.25,2,96,155,117,5
8,2,69,110,117,5
3.5,2,69,111,117,5
34,3,70,112,117,5
38,3,70,113,117,5
0.5,3,71,114,117,5
8,3,70,115,117,5
15,3,72,116,117,5
3,3,72,117,117,5
20,3,73,116,117,5
14,3,73,117,117,5
2,3,74,118,117,5
4,3,74,119,117,5
2.5,3,74,120,117,5
3,3,74,121,117,5
1,3,75,122,117,5
2,3,75,123,117,5
16,3,75,124,117,5
18,3,75,125,117,5
3,3,111,56,117,5
50,3,111,51,117,5
3,3,111,126,117,5
2,3,77,127,117,5
2,3,77,128,117,5
5,5,6,15,117,5
